
-- Introduce tu ip local en los registros de perfil y clip, justo donde pone "TU IP LOCAL AQUI" ejemplo: http://192.168.1.125:8080/iconos/icono_ejemplo1.jpg'

INSERT INTO usuario (id, username, email, password, enabled, activation_token, created_at)
VALUES
  ('11111111-1111-1111-1111-111111111111', 'StrikerDa10', 'naruto@konoha.com', '{noop}1', true, NULL, NOW()),
  ('22222222-2222-2222-2222-222222222222', 'Goku21', 'goku@saiyan.com', '{noop}hashed_password', true, NULL, NOW()),
  ('33333333-3333-3333-3333-333333333333', 'ErenYeager', 'eren@paradis.com', '{noop}hashed_password', true, NULL, NOW()),
  ('44444444-4444-4444-4444-444444444444', 'luffy', 'luffy@strawhat.com', '{noop}hashed_password', true, NULL, NOW()),
  ('55555555-5555-5555-5555-555555555555', 'zoro', 'zoro@strawhat.com', '{noop}admin', true, NULL, NOW()),
  ('7db9261f-f6b5-42a6-a5c0-b6234a39ffb5', 'Zack', 'usuario01@anime.com', '{noop}hashed_password', true, NULL, NOW()),
  ('67ce3096-3848-4d10-801f-62a41e72c0cb', 'Asta', 'usuario02@anime.com', '{noop}hashed_password', true, NULL, NOW()),
  ('e69316d5-9003-4d3b-8322-30d8b28245ab', 'Jolyne', 'usuario03@anime.com', '{noop}hashed_password', true, NULL, NOW()),
  ('fd46e5c2-c7a9-4196-84d0-5e2ed0c0a56d', 'Jonathan', 'usuario04@anime.com', '{noop}hashed_password', true, NULL, NOW()),
  ('fa49b90d-f100-4b69-8bc6-d7cde9a27204', 'Kaiser', 'usuario05@anime.com', '{noop}hashed_password', true, NULL, NOW()),
  ('b2b8f4fc-b1f6-4a4e-8baf-11333cd6b5f4', 'Caesar', 'usuario06@anime.com', '{noop}hashed_password', true, NULL, NOW()),
  ('cfb3f7e5-3620-4bd2-85c1-f7589d137c72', 'Doppio', 'usuario07@anime.com', '{noop}hashed_password', true, NULL, NOW()),
  ('b300b6b6-155e-4c0a-a9e3-6506a5b4fffc', 'Pucci', 'usuario08@anime.com', '{noop}hashed_password', true, NULL, NOW()),
  ('f4b0fc53-348e-4e3d-9ff7-6e50e0a2480a', 'Narancia', 'usuario09@anime.com', '{noop}hashed_password', true, NULL, NOW()),
  ('2e0ef9b2-56a0-4bd1-b94f-30e1a01fc879', 'Dio', 'usuario10@anime.com', '{noop}hashed_password', true, NULL, NOW());

INSERT INTO usuario_roles (usuario_id, roles)
VALUES
  ('11111111-1111-1111-1111-111111111111', 'USER'),
  ('22222222-2222-2222-2222-222222222222', 'USER'),
  ('33333333-3333-3333-3333-333333333333', 'USER'),
  ('44444444-4444-4444-4444-444444444444', 'USER'),
  ('55555555-5555-5555-5555-555555555555', 'ADMIN'),
  ('7db9261f-f6b5-42a6-a5c0-b6234a39ffb5', 'USER'),
  ('67ce3096-3848-4d10-801f-62a41e72c0cb', 'USER'),
  ('e69316d5-9003-4d3b-8322-30d8b28245ab', 'USER'),
  ('fd46e5c2-c7a9-4196-84d0-5e2ed0c0a56d', 'USER'),
  ('fa49b90d-f100-4b69-8bc6-d7cde9a27204', 'USER'),
  ('b2b8f4fc-b1f6-4a4e-8baf-11333cd6b5f4', 'USER'),
  ('cfb3f7e5-3620-4bd2-85c1-f7589d137c72', 'USER'),
  ('b300b6b6-155e-4c0a-a9e3-6506a5b4fffc', 'USER'),
  ('f4b0fc53-348e-4e3d-9ff7-6e50e0a2480a', 'USER'),
  ('2e0ef9b2-56a0-4bd1-b94f-30e1a01fc879', 'USER');


INSERT INTO perfil (avatar, descripcion, usuario_id)
VALUES
  ('TU IP LOCAL AQUI:8080/iconos/icono_ejemplo1.jpg', 'Aficionado de los anime de deportes como Blue Lock, Haikyuu, Aoashi etc', '11111111-1111-1111-1111-111111111111'),
  ('TU IP LOCAL AQUI:8080/iconos/icono_ejemplo2.jpg', '¡El más fuerte del universo!', '22222222-2222-2222-2222-222222222222'),
  ('TU IP LOCAL AQUI:8080/iconos/icono_ejemplo3.jpg', 'Por la libertad de la humanidad.', '33333333-3333-3333-3333-333333333333'),
  ('TU IP LOCAL AQUI:8080/iconos/icono_ejemplo4.jpg', 'Soy Monkey D. Luffy, ¡quiero ser el Rey de los Piratas!', '44444444-4444-4444-4444-444444444444'),
  ('TU IP LOCAL AQUI:8080/iconos/icono_ejemplo5.jpg', 'Soy Roronoa Zoro, el espadachín más fuerte.', '55555555-5555-5555-5555-555555555555'),
  ('TU IP LOCAL AQUI:8080/iconos/icono_ejemplo6.jpg', 'Soy usuario01, fan del anime.', '7db9261f-f6b5-42a6-a5c0-b6234a39ffb5'),
  ('TU IP LOCAL AQUI:8080/iconos/icono_ejemplo7.jpg', 'Soy usuario02, fan del anime.', '67ce3096-3848-4d10-801f-62a41e72c0cb'),
  ('TU IP LOCAL AQUI:8080/iconos/icono_ejemplo8.jpg', 'Soy usuario03, fan del anime.', 'e69316d5-9003-4d3b-8322-30d8b28245ab'),
  ('TU IP LOCAL AQUI:8080/iconos/icono_ejemplo9.jpg', 'Soy usuario04, fan del anime.', 'fd46e5c2-c7a9-4196-84d0-5e2ed0c0a56d'),
  ('TU IP LOCAL AQUI:8080/iconos/icono_ejemplo10.jpg', 'Soy usuario05, fan del anime.', 'fa49b90d-f100-4b69-8bc6-d7cde9a27204'),
  ('TU IP LOCAL AQUI:8080/iconos/icono_ejemplo11.jpg', 'Soy usuario06, fan del anime.', 'b2b8f4fc-b1f6-4a4e-8baf-11333cd6b5f4'),
  ('TU IP LOCAL AQUI:8080/iconos/icono_ejemplo12.jpg', 'Soy usuario07, fan del anime.', 'cfb3f7e5-3620-4bd2-85c1-f7589d137c72'),
  ('TU IP LOCAL AQUI:8080/iconos/icono_ejemplo13.jpg', 'Soy usuario08, fan del anime.', 'b300b6b6-155e-4c0a-a9e3-6506a5b4fffc'),
  ('TU IP LOCAL AQUI:8080/iconos/icono_ejemplo14.jpg', 'Soy usuario09, fan del anime.', 'f4b0fc53-348e-4e3d-9ff7-6e50e0a2480a'),
  ('TU IP LOCAL AQUI:8080/iconos/icono_ejemplo15.jpg', 'Soy usuario10, fan del anime.', '2e0ef9b2-56a0-4bd1-b94f-30e1a01fc879');


INSERT INTO clip (nombre_anime, descripcion, url_video, fecha, visitas, duracion, miniatura, usuario_id, genero)
VALUES
  ('Bleach', 'Naruto vs Pain', 'TU IP LOCAL AQUI:8080/videos/Bleach_1.mp4', '2023-01-15', 5000, 120, 'TU IP LOCAL AQUI:8080/miniaturas/Bleach_1.jpg', '11111111-1111-1111-1111-111111111111', 'Shonen'),
  ('Bleach', 'El hype por la nueva temporada de pokemon está por las nubes 🔥🔥🔥', 'TU IP LOCAL AQUI:8080/videos/Bleach_2.mp4', '2023-02-20', 10000, 150, 'TU IP LOCAL AQUI:8080/miniaturas/Bleach_2.jpg', '22222222-2222-2222-2222-222222222222', 'Shonen'),
  ('Bleach', 'Luffy vs Crocodile', 'TU IP LOCAL AQUI:8080/videos/Bleach_3.mp4', '2023-03-10', 8000, 130, 'TU IP LOCAL AQUI:8080/miniaturas/Bleach_3.jpg', '44444444-4444-4444-4444-444444444444', 'Shonen'),
  ('Bleach', 'Zoro vs Mihawk', 'TU IP LOCAL AQUI:8080/videos/Bleach_4.mp4', '2023-04-12', 15000, 180, 'TU IP LOCAL AQUI:8080/miniaturas/Bleach_4.jpg', '55555555-5555-5555-5555-555555555555', 'Shonen'),
  ('Demon Slayer', 'Batalla final entre ninjas legendarios', 'TU IP LOCAL AQUI:8080/videos/Demon_Slayer_1.mp4', '2024-01-01', 1000, 85, 'TU IP LOCAL AQUI:8080/miniaturas/Demon_Slayer_1.jpg', '7db9261f-f6b5-42a6-a5c0-b6234a39ffb5', 'Acción'),
  ('Demon Slayer', 'La aventura en el Grand Line continúa', 'TU IP LOCAL AQUI:8080/videos/Demon_Slayer_2.mp4', '2024-01-02', 1000, 90, 'TU IP LOCAL AQUI:8080/miniaturas/Demon_Slayer_2.jpg', '67ce3096-3848-4d10-801f-62a41e72c0cb', 'Acción'),
  ('Demon Slayer', 'El despertar de un nuevo héroe', 'TU IP LOCAL AQUI:8080/videos/Demon_Slayer_3.mp4', '2024-01-03', 1000, 70, 'TU IP LOCAL AQUI:8080/miniaturas/Demon_Slayer_3.jpg', 'e69316d5-9003-4d3b-8322-30d8b28245ab', 'Acción'),
  ('Jujutsu Kaisen', 'Una lucha contra demonios para salvar a la familia', 'TU IP LOCAL AQUI:8080/videos/Jujutsu_1.mp4', '2024-01-04', 1000, 80, 'TU IP LOCAL AQUI:8080/miniaturas/Jujutsu_1.jpg', 'fd46e5c2-c7a9-4196-84d0-5e2ed0c0a56d', 'Acción'),
  ('Jujutsu Kaisen', 'Hermandad y alquimia en un mundo oscuro', 'TU IP LOCAL AQUI:8080/videos/Jujutsu_2.mp4', '2024-01-05', 1000, 75, 'TU IP LOCAL AQUI:8080/miniaturas/Jujutsu_2.jpg', 'fa49b90d-f100-4b69-8bc6-d7cde9a27204', 'Acción'),
  ('Jujutsu Kaisen', 'El juego mortal de la justicia', 'TU IP LOCAL AQUI:8080/videos/Jujutsu_3.mp4', '2024-01-06', 1000, 65, 'TU IP LOCAL AQUI:8080/miniaturas/Jujutsu_3.jpg', 'b2b8f4fc-b1f6-4a4e-8baf-11333cd6b5f4', 'Acción'),
  ('Jujutsu Kaisen', 'Atrapados en un mundo virtual', 'TU IP LOCAL AQUI:8080/videos/Jujutsu_4.mp4', '2024-01-07', 1000, 88, 'TU IP LOCAL AQUI:8080/miniaturas/Jujutsu_4.jpg', 'cfb3f7e5-3620-4bd2-85c1-f7589d137c72', 'Acción'),
  ('One Piece', 'La dualidad entre humano y monstruo', 'TU IP LOCAL AQUI:8080/videos/One_piece_1.mp4', '2024-01-08', 1000, 85, 'TU IP LOCAL AQUI:8080/miniaturas/One_piece_1.jpg', 'b300b6b6-155e-4c0a-a9e3-6506a5b4fffc', 'Acción'),
  ('One Piece', 'El destino de los shinigami en batalla', 'TU IP LOCAL AQUI:8080/videos/One_piece_2.mp4', '2024-01-09', 1000, 80, 'TU IP LOCAL AQUI:8080/miniaturas/One_piece_2.jpg', 'f4b0fc53-348e-4e3d-9ff7-6e50e0a2480a', 'Acción'),
  ('One Piece', 'La búsqueda de un cazador legendario', 'TU IP LOCAL AQUI:8080/videos/One_piece_3.mp4', '2024-01-10', 1000, 90, 'TU IP LOCAL AQUI:8080/miniaturas/One_piece_3.jpg', '2e0ef9b2-56a0-4bd1-b94f-30e1a01fc879', 'Acción'),
  ('Chainsaw Man', 'Eren se transforma en Titán', 'TU IP LOCAL AQUI:8080/videos/Chainsaw_man_1.mp4', '2024-02-01', 12000, 145, 'TU IP LOCAL AQUI:8080/miniaturas/Chainsaw_man_1.jpg', '33333333-3333-3333-3333-333333333333', 'Shonen'),
  ('Chainsaw Man', 'La caída de Shiganshina', 'TU IP LOCAL AQUI:8080/videos/Chainsaw_man_2.mp4', '2024-02-02', 11000, 135, 'TU IP LOCAL AQUI:8080/miniaturas/Chainsaw_man_2.jpg', '33333333-3333-3333-3333-333333333333', 'Shonen'),
  ('Chainsaw Man', 'Batalla en el distrito de Trost', 'TU IP LOCAL AQUI:8080/videos/Chainsaw_man_3.mp4', '2024-02-03', 10500, 140, 'TU IP LOCAL AQUI:8080/miniaturas/Chainsaw_man_3.jpg', '33333333-3333-3333-3333-333333333333', 'Shonen'),
  ('Death Note', 'Deku usa One for All al máximo', 'TU IP LOCAL AQUI:8080/videos/Death_Note_1.mp4', '2024-03-01', 9800, 110, 'TU IP LOCAL AQUI:8080/miniaturas/Death_Note_1.jpg', 'fa49b90d-f100-4b69-8bc6-d7cde9a27204', 'Shonen'),
  ('Death Note', 'Bakugo vs Todoroki', 'TU IP LOCAL AQUI:8080/videos/Death_Note_2.mp4', '2024-03-02', 8700, 100, 'TU IP LOCAL AQUI:8080/miniaturas/Death_Note_2.jpg', 'fd46e5c2-c7a9-4196-84d0-5e2ed0c0a56d', 'Shonen'),
  ('Death Note', 'La batalla del festival deportivo', 'TU IP LOCAL AQUI:8080/videos/Death_Note_3.mp4', '2024-03-03', 9100, 120, 'TU IP LOCAL AQUI:8080/miniaturas/Death_Note_3.jpg', 'cfb3f7e5-3620-4bd2-85c1-f7589d137c72', 'Shonen'),
  ('Jojos', 'Kaneki despierta su ghoul interior', 'TU IP LOCAL AQUI:8080/videos/Jojos_1.mp4', '2024-04-01', 7200, 100, 'TU IP LOCAL AQUI:8080/miniaturas/Jojos_1.jpg', '2e0ef9b2-56a0-4bd1-b94f-30e1a01fc879', 'Seinen'),
  ('Jojos', 'La pelea en el Antiguo Distrito 20', 'TU IP LOCAL AQUI:8080/videos/Jojos_2.mp4', '2024-04-02', 6800, 105, 'TU IP LOCAL AQUI:8080/miniaturas/Jojos_2.jpg', 'b2b8f4fc-b1f6-4a4e-8baf-11333cd6b5f4', 'Seinen'),
  ('Jojos', 'La tortura de Jason a Kaneki', 'TU IP LOCAL AQUI:8080/videos/Jojos_3.mp4', '2024-04-03', 7600, 95, 'TU IP LOCAL AQUI:8080/miniaturas/Jojos_3.jpg', 'fa49b90d-f100-4b69-8bc6-d7cde9a27204', 'Seinen'),
  ('Seven Deadly Sins', 'Denji vs Katana Man', 'TU IP LOCAL AQUI:8080/videos/Nanatsu_1.mp4', '2024-05-01', 8700, 112, 'TU IP LOCAL AQUI:8080/miniaturas/Nanatsu_1.jpg', '7db9261f-f6b5-42a6-a5c0-b6234a39ffb5', 'Acción'),
  ('Seven Deadly Sins', 'Makima muestra su verdadero poder', 'TU IP LOCAL AQUI:8080/videos/Nanatsu_2.mp4', '2024-05-02', 9200, 118, 'TU IP LOCAL AQUI:8080/miniaturas/Nanatsu_2.jpg', 'e69316d5-9003-4d3b-8322-30d8b28245ab', 'Acción'),
  ('Seven Deadly Sins', 'El contrato con el demonio zorro', 'TU IP LOCAL AQUI:8080/videos/Nanatsu_3.mp4', '2024-05-03', 8900, 108, 'TU IP LOCAL AQUI:8080/miniaturas/Nanatsu_3.jpg', '67ce3096-3848-4d10-801f-62a41e72c0cb', 'Acción'),
  ('Pokemon', 'Mob desata todo su poder', 'TU IP LOCAL AQUI:8080/videos/Pokemon_1.mp4', '2024-06-01', 6000, 95, 'TU IP LOCAL AQUI:8080/miniaturas/Pokemon_1.jpg', 'b300b6b6-155e-4c0a-a9e3-6506a5b4fffc', 'Sobrenatural'),
  ('Pokemon', 'La pelea contra Claw', 'TU IP LOCAL AQUI:8080/videos/Pokemon_2.mp4', '2024-06-02', 6400, 98, 'TU IP LOCAL AQUI:8080/miniaturas/Pokemon_2.jpg', 'f4b0fc53-348e-4e3d-9ff7-6e50e0a2480a', 'Sobrenatural'),
  ('Pokemon', 'La nueva temporada de Pokemon llega en muy poco tiempo, que ganas de verlo!!!!', 'TU IP LOCAL AQUI:8080/videos/Pokemon_3.mp4', '2024-06-10', 13000, 110, 'TU IP LOCAL AQUI:8080/miniaturas/Pokemon_3.jpg', '22222222-2222-2222-2222-222222222222', 'Shonen'),
  ('Sword Art Online', 'Edward sacrifica su brazo', 'TU IP LOCAL AQUI:8080/videos/Sao_1.mp4', '2024-06-11', 9700, 105, 'TU IP LOCAL AQUI:8080/miniaturas/Sao_1.jpg', 'fa49b90d-f100-4b69-8bc6-d7cde9a27204', 'Shonen'),
  ('Sword Art Online', 'Gon se transforma en adulto', 'TU IP LOCAL AQUI:8080/videos/Sao_2.mp4', '2024-06-12', 11500, 125, 'TU IP LOCAL AQUI:8080/miniaturas/Sao_2.jpg', '11111111-1111-1111-1111-111111111111', 'Shonen'),
  ('Sword Art Online', 'Asta desbloquea el poder antimagia', 'TU IP LOCAL AQUI:8080/videos/Sao_3.mp4', '2024-06-13', 8800, 100, 'TU IP LOCAL AQUI:8080/miniaturas/Sao_3.jpg', '44444444-4444-4444-4444-444444444444', 'Magia');

INSERT INTO comentario (fecha, texto, usuario_id, clip_id)
VALUES
  ('2023-01-16', '¡Esta batalla fue épica!', '22222222-2222-2222-2222-222222222222', 1),
  ('2023-01-15', '¡Que locura!', '11111111-1111-1111-1111-111111111111', 1),
  ('2023-02-21', '¡Siempre me emociona esta escena!', '33333333-3333-3333-3333-333333333333', 2),
  ('2023-03-11', '¡Un verdadero espadachín!', '44444444-4444-4444-4444-444444444444', 3),
  ('2023-04-13', 'Zoro nunca se rinde, ¡es increíble!', '55555555-5555-5555-5555-555555555555', 4),
  ('2024-01-02', '¡Me encantó esta escena!', '67ce3096-3848-4d10-801f-62a41e72c0cb', 1),
  ('2024-01-03', 'Increíble pelea!', 'e69316d5-9003-4d3b-8322-30d8b28245ab', 2),
  ('2024-01-04', 'No puedo esperar el próximo episodio.', 'fd46e5c2-c7a9-4196-84d0-5e2ed0c0a56d', 3),
  ('2024-01-05', 'Me gustó mucho la animación.', 'fa49b90d-f100-4b69-8bc6-d7cde9a27204', 4),
  ('2024-01-06', '¡Best moment!', 'b2b8f4fc-b1f6-4a4e-8baf-11333cd6b5f4', 5),
  ('2024-01-07', 'Quiero ver más.', 'cfb3f7e5-3620-4bd2-85c1-f7589d137c72', 6),
  ('2024-01-08', 'Muy bueno.', 'b300b6b6-155e-4c0a-a9e3-6506a5b4fffc', 7),
  ('2024-01-09', 'Gran trabajo del equipo.', 'f4b0fc53-348e-4e3d-9ff7-6e50e0a2480a', 8),
  ('2024-01-10', 'Increíble!', '2e0ef9b2-56a0-4bd1-b94f-30e1a01fc879', 9),
  ('2024-01-11', 'Esto me hace feliz.', '7db9261f-f6b5-42a6-a5c0-b6234a39ffb5', 10),
  ('2024-06-01', '¡No puedo dejar de verlo!', '33333333-3333-3333-3333-333333333333', 11),
  ('2024-06-02', 'La mejor animación del arco.', '44444444-4444-4444-4444-444444444444', 12),
  ('2024-06-03', 'Tan emotivo, lloré.', '55555555-5555-5555-5555-555555555555', 13),
  ('2024-06-04', 'No esperaba ese giro.', '7db9261f-f6b5-42a6-a5c0-b6234a39ffb5', 14),
  ('2024-06-05', 'Legendario.', '67ce3096-3848-4d10-801f-62a41e72c0cb', 15),
  ('2024-06-06', 'Buenísima la música.', 'e69316d5-9003-4d3b-8322-30d8b28245ab', 16),
  ('2024-06-07', 'Gon está en otro nivel.', 'fd46e5c2-c7a9-4196-84d0-5e2ed0c0a56d', 17),
  ('2024-06-08', 'Qué locura de episodio.', 'fa49b90d-f100-4b69-8bc6-d7cde9a27204', 18),
  ('2024-06-09', '¡Me reí mucho!', 'b2b8f4fc-b1f6-4a4e-8baf-11333cd6b5f4', 19),
  ('2024-06-10', 'Quiero ver la siguiente parte.', 'cfb3f7e5-3620-4bd2-85c1-f7589d137c72', 20),
  ('2024-06-11', 'Wow, no lo esperaba.', 'b300b6b6-155e-4c0a-a9e3-6506a5b4fffc', 21),
  ('2024-06-12', 'Asta lo dio todo.', 'f4b0fc53-348e-4e3d-9ff7-6e50e0a2480a', 22),
  ('2024-06-13', 'Eso sí fue un final.', '2e0ef9b2-56a0-4bd1-b94f-30e1a01fc879', 23),
  ('2024-06-14', 'Adoro esta serie.', '11111111-1111-1111-1111-111111111111', 24),
  ('2024-06-15', 'La coreografía es brutal.', '22222222-2222-2222-2222-222222222222', 25),
  ('2024-06-16', 'Es mi momento favorito.', '33333333-3333-3333-3333-333333333333', 26),
  ('2024-06-17', '¡Qué intensidad!', '44444444-4444-4444-4444-444444444444', 27),
  ('2024-06-18', 'Necesito más como esto.', '55555555-5555-5555-5555-555555555555', 28),
  ('2024-06-19', 'Muy subestimado este clip.', '7db9261f-f6b5-42a6-a5c0-b6234a39ffb5', 29),
  ('2024-06-20', 'Goku siempre sorprende.', '67ce3096-3848-4d10-801f-62a41e72c0cb', 30),
  ('2024-06-21', 'Una joya de escena.', 'e69316d5-9003-4d3b-8322-30d8b28245ab', 31),
  ('2024-06-22', '¡Qué épico final!', 'fd46e5c2-c7a9-4196-84d0-5e2ed0c0a56d', 32),
  ('2024-06-23', 'Perfecta ejecución.', 'fa49b90d-f100-4b69-8bc6-d7cde9a27204', 31),
  ('2024-06-24', 'Este arco es lo mejor.', 'b2b8f4fc-b1f6-4a4e-8baf-11333cd6b5f4', 1),
  ('2024-06-25', 'No esperaba ese final.', 'cfb3f7e5-3620-4bd2-85c1-f7589d137c72', 2),
  ('2024-06-26', '¡Naruto es el mejor!', 'b300b6b6-155e-4c0a-a9e3-6506a5b4fffc', 3),
  ('2024-06-27', 'Me encanta cómo lo animaron.', 'f4b0fc53-348e-4e3d-9ff7-6e50e0a2480a', 4),
  ('2024-06-28', 'Qué gran batalla.', '2e0ef9b2-56a0-4bd1-b94f-30e1a01fc879', 5),
  ('2024-06-29', 'La emoción es real.', '11111111-1111-1111-1111-111111111111', 6),
  ('2024-06-30', 'Gon lo rompió todo.', '22222222-2222-2222-2222-222222222222', 7),
  ('2024-07-01', 'Explosión de adrenalina.', '33333333-3333-3333-3333-333333333333', 8),
  ('2024-07-02', 'Lo mejor del anime.', '44444444-4444-4444-4444-444444444444', 9),
  ('2024-07-03', 'Ese soundtrack lo es todo.', '55555555-5555-5555-5555-555555555555', 10),
  ('2024-07-04', 'Muy buena animación.', '7db9261f-f6b5-42a6-a5c0-b6234a39ffb5', 11),
  ('2024-07-05', 'Momento histórico.', '67ce3096-3848-4d10-801f-62a41e72c0cb', 12),
  ('2024-07-06', 'Es una obra maestra.', 'e69316d5-9003-4d3b-8322-30d8b28245ab', 13),
  ('2024-07-07', '¡Qué buen doblaje!', 'fd46e5c2-c7a9-4196-84d0-5e2ed0c0a56d', 14),
  ('2024-07-08', '¡Épico! sin palabras.', 'fa49b90d-f100-4b69-8bc6-d7cde9a27204', 15),
  ('2024-07-09', 'La dirección es perfecta.', 'b2b8f4fc-b1f6-4a4e-8baf-11333cd6b5f4', 16),
  ('2024-07-10', 'Una locura total.', 'cfb3f7e5-3620-4bd2-85c1-f7589d137c72', 17),
  ('2024-07-11', 'Clip para la historia.', 'b300b6b6-155e-4c0a-a9e3-6506a5b4fffc', 18),
  ('2024-07-12', 'Goku siendo Goku ❤️', 'f4b0fc53-348e-4e3d-9ff7-6e50e0a2480a', 19),
  ('2024-07-13', 'Imposible no emocionarse.', '2e0ef9b2-56a0-4bd1-b94f-30e1a01fc879', 20),
  ('2024-07-14', 'Zoro se luce aquí.', '11111111-1111-1111-1111-111111111111', 21),
  ('2024-07-15', 'Una joyita escondida.', '22222222-2222-2222-2222-222222222222', 22),
  ('2024-07-16', '¡Bravo al estudio!', '33333333-3333-3333-3333-333333333333', 23),
  ('2024-07-17', 'Esto merece un premio.', '44444444-4444-4444-4444-444444444444', 24),
  ('2024-07-18', 'Una joya del anime.', 'e69316d5-9003-4d3b-8322-30d8b28245ab', 21),
  ('2024-07-19', 'Qué animación tan fluida.', '2e0ef9b2-56a0-4bd1-b94f-30e1a01fc879', 5),
  ('2024-07-20', 'Simplemente espectacular.', '67ce3096-3848-4d10-801f-62a41e72c0cb', 17),
  ('2024-07-21', 'Grité de emoción.', 'cfb3f7e5-3620-4bd2-85c1-f7589d137c72', 20),
  ('2024-07-22', '¡Insuperable!', '2e0ef9b2-56a0-4bd1-b94f-30e1a01fc879', 11),
  ('2024-07-23', 'Esto me dejó sin palabras.', '67ce3096-3848-4d10-801f-62a41e72c0cb', 18),
  ('2024-04-02', '¡Qué animación!', '33333333-3333-3333-3333-333333333333', 12),
  ('2023-06-21', 'No lo puedo creer.', 'cfb3f7e5-3620-4bd2-85c1-f7589d137c72', 20),
  ('2024-03-08', 'La música fue perfecta.', 'fa49b90d-f100-4b69-8bc6-d7cde9a27204', 20),
  ('2023-05-13', 'Me encanta esta parte.', '7db9261f-f6b5-42a6-a5c0-b6234a39ffb5', 11),
  ('2023-09-05', 'Gran actuación.', '33333333-3333-3333-3333-333333333333', 24),
  ('2023-04-24', 'Perfecto de principio a fin.', 'f4b0fc53-348e-4e3d-9ff7-6e50e0a2480a', 13),
  ('2023-04-14', 'Nunca me canso de esto.', '33333333-3333-3333-3333-333333333333', 20),
  ('2023-06-06', 'Muy emocionante.', 'fa49b90d-f100-4b69-8bc6-d7cde9a27204', 24),
  ('2023-06-01', 'No lo puedo creer.', '67ce3096-3848-4d10-801f-62a41e72c0cb', 20),
  ('2024-06-06', 'Simplemente épico.', '55555555-5555-5555-5555-555555555555', 32),
  ('2023-08-11', 'Simplemente épico.', '22222222-2222-2222-2222-222222222222', 8),
  ('2023-01-07', '¡Otra vez, por favor!', 'b300b6b6-155e-4c0a-a9e3-6506a5b4fffc', 26),
  ('2023-08-18', 'Muy emocionante.', 'e69316d5-9003-4d3b-8322-30d8b28245ab', 31),
  ('2023-10-17', 'Perfecto de principio a fin.', 'cfb3f7e5-3620-4bd2-85c1-f7589d137c72', 19),
  ('2023-10-16', 'De lo mejor que he visto.', 'b2b8f4fc-b1f6-4a4e-8baf-11333cd6b5f4', 29),
  ('2023-03-19', 'De lo mejor que he visto.', 'f4b0fc53-348e-4e3d-9ff7-6e50e0a2480a', 15),
  ('2023-08-26', 'La música fue perfecta.', '55555555-5555-5555-5555-555555555555', 27),
  ('2023-02-02', 'Inolvidable escena.', '33333333-3333-3333-3333-333333333333', 21),
  ('2023-11-16', 'Muy emocionante.', '11111111-1111-1111-1111-111111111111', 21),
  ('2023-05-01', 'Legendario.', 'e69316d5-9003-4d3b-8322-30d8b28245ab', 6),
  ('2023-03-30', 'Muy emocionante.', '11111111-1111-1111-1111-111111111111', 26),
  ('2023-12-30', 'Muy emocionante.', '55555555-5555-5555-5555-555555555555', 25),
  ('2023-09-13', 'Gran actuación.', 'cfb3f7e5-3620-4bd2-85c1-f7589d137c72', 6),
  ('2024-02-15', 'Gran actuación.', '67ce3096-3848-4d10-801f-62a41e72c0cb', 1),
  ('2023-06-17', 'La música fue perfecta.', 'b2b8f4fc-b1f6-4a4e-8baf-11333cd6b5f4', 3),
  ('2024-05-07', 'De lo mejor que he visto.', 'e69316d5-9003-4d3b-8322-30d8b28245ab', 29),
  ('2023-09-18', 'Esto fue increíble.', '67ce3096-3848-4d10-801f-62a41e72c0cb', 29),
  ('2023-11-02', 'La música fue perfecta.', 'fd46e5c2-c7a9-4196-84d0-5e2ed0c0a56d', 26),
  ('2024-05-20', 'Perfecto de principio a fin.', '7db9261f-f6b5-42a6-a5c0-b6234a39ffb5', 1),
  ('2023-03-24', 'Inolvidable escena.', 'b2b8f4fc-b1f6-4a4e-8baf-11333cd6b5f4', 14),
  ('2023-03-12', 'No lo puedo creer.', 'f4b0fc53-348e-4e3d-9ff7-6e50e0a2480a', 14),
  ('2023-11-10', 'Simplemente épico.', '44444444-4444-4444-4444-444444444444', 4),
  ('2024-05-29', 'De lo mejor que he visto.', '33333333-3333-3333-3333-333333333333', 12),
  ('2023-12-02', 'Me encanta esta parte.', 'b2b8f4fc-b1f6-4a4e-8baf-11333cd6b5f4', 8),
  ('2023-02-04', 'Legendario.', 'b2b8f4fc-b1f6-4a4e-8baf-11333cd6b5f4', 6),
  ('2024-02-13', 'Me encanta esta parte.', 'fd46e5c2-c7a9-4196-84d0-5e2ed0c0a56d', 32),
  ('2023-09-25', 'Perfecto de principio a fin.', '67ce3096-3848-4d10-801f-62a41e72c0cb', 16),
  ('2023-11-14', 'Legendario.', 'f4b0fc53-348e-4e3d-9ff7-6e50e0a2480a', 16),
  ('2024-01-21', 'Nunca me canso de esto.', 'cfb3f7e5-3620-4bd2-85c1-f7589d137c72', 22),
  ('2023-06-24', 'Inolvidable escena.', 'fa49b90d-f100-4b69-8bc6-d7cde9a27204', 29),
  ('2024-06-07', 'Perfecto de principio a fin.', '55555555-5555-5555-5555-555555555555', 13),
  ('2023-11-25', 'Inolvidable escena.', '67ce3096-3848-4d10-801f-62a41e72c0cb', 11),
  ('2024-01-24', 'Simplemente épico.', '33333333-3333-3333-3333-333333333333', 26),
  ('2024-02-28', 'Gran actuación.', 'f4b0fc53-348e-4e3d-9ff7-6e50e0a2480a', 26),
  ('2023-06-26', '¡Qué gran momento!', '67ce3096-3848-4d10-801f-62a41e72c0cb', 12),
  ('2024-05-03', 'De lo mejor que he visto.', '67ce3096-3848-4d10-801f-62a41e72c0cb', 11),
  ('2023-04-01', 'Nunca me canso de esto.', 'fd46e5c2-c7a9-4196-84d0-5e2ed0c0a56d', 21),
  ('2023-09-09', 'De lo mejor que he visto.', 'cfb3f7e5-3620-4bd2-85c1-f7589d137c72', 26),
  ('2023-12-28', 'Inolvidable escena.', 'f4b0fc53-348e-4e3d-9ff7-6e50e0a2480a', 13),
  ('2023-06-22', 'Nunca me canso de esto.', '33333333-3333-3333-3333-333333333333', 3),
  ('2023-03-11', 'Perfecto de principio a fin.', '33333333-3333-3333-3333-333333333333', 9),
  ('2024-02-10', 'Gran actuación.', 'b2b8f4fc-b1f6-4a4e-8baf-11333cd6b5f4', 3),
  ('2024-02-29', 'Inolvidable escena.', 'fa49b90d-f100-4b69-8bc6-d7cde9a27204', 5),
  ('2023-05-26', '¡Qué animación!', 'fd46e5c2-c7a9-4196-84d0-5e2ed0c0a56d', 1),
  ('2023-09-13', 'Gran actuación.', 'e69316d5-9003-4d3b-8322-30d8b28245ab', 30),
  ('2024-06-15', 'De lo mejor que he visto.', 'b300b6b6-155e-4c0a-a9e3-6506a5b4fffc', 10),
  ('2023-02-26', 'No lo puedo creer.', 'b2b8f4fc-b1f6-4a4e-8baf-11333cd6b5f4', 21),
  ('2023-07-16', 'Simplemente épico.', 'f4b0fc53-348e-4e3d-9ff7-6e50e0a2480a', 26),
  ('2023-09-18', '¡Otra vez, por favor!', '22222222-2222-2222-2222-222222222222', 27),
  ('2023-03-20', 'Inolvidable escena.', '33333333-3333-3333-3333-333333333333', 1),
  ('2023-07-24', 'La música fue perfecta.', '55555555-5555-5555-5555-555555555555', 26),
  ('2023-06-15', 'Muy emocionante.', '22222222-2222-2222-2222-222222222222', 7),
  ('2023-06-25', '¡Qué animación!', '44444444-4444-4444-4444-444444444444', 17),
  ('2023-01-06', 'La música fue perfecta.', 'f4b0fc53-348e-4e3d-9ff7-6e50e0a2480a', 10),
  ('2024-01-26', 'Esto fue increíble.', 'fa49b90d-f100-4b69-8bc6-d7cde9a27204', 32),
  ('2023-11-26', 'Esto fue increíble.', 'cfb3f7e5-3620-4bd2-85c1-f7589d137c72', 15),
  ('2023-09-26', 'Perfecto de principio a fin.', '11111111-1111-1111-1111-111111111111', 31),
  ('2023-07-02', 'De lo mejor que he visto.', 'b300b6b6-155e-4c0a-a9e3-6506a5b4fffc', 13),
  ('2023-02-19', 'Nunca me canso de esto.', 'b2b8f4fc-b1f6-4a4e-8baf-11333cd6b5f4', 7),
  ('2023-03-01', 'La música fue perfecta.', 'fd46e5c2-c7a9-4196-84d0-5e2ed0c0a56d', 20),
  ('2023-05-29', 'De lo mejor que he visto.', 'cfb3f7e5-3620-4bd2-85c1-f7589d137c72', 14),
  ('2023-10-05', 'Esto fue increíble.', '67ce3096-3848-4d10-801f-62a41e72c0cb', 1),
  ('2023-02-28', 'Nunca me canso de esto.', 'f4b0fc53-348e-4e3d-9ff7-6e50e0a2480a', 24),
  ('2024-05-24', 'La música fue perfecta.', 'fa49b90d-f100-4b69-8bc6-d7cde9a27204', 24),
  ('2023-03-25', '¡Qué gran momento!', '33333333-3333-3333-3333-333333333333', 12),
  ('2023-10-09', '¡Qué animación!', 'e69316d5-9003-4d3b-8322-30d8b28245ab', 4),
  ('2023-08-09', 'Muy emocionante.', '44444444-4444-4444-4444-444444444444', 6),
  ('2024-01-30', 'Inolvidable escena.', '67ce3096-3848-4d10-801f-62a41e72c0cb', 8),
  ('2023-07-02', '¡Qué animación!', '11111111-1111-1111-1111-111111111111', 26),
  ('2023-05-05', 'Muy emocionante.', '11111111-1111-1111-1111-111111111111', 5),
  ('2024-01-16', 'Nunca me canso de esto.', '22222222-2222-2222-2222-222222222222', 18),
  ('2023-07-05', 'No lo puedo creer.', 'fa49b90d-f100-4b69-8bc6-d7cde9a27204', 25),
  ('2023-08-21', 'De lo mejor que he visto.', 'b300b6b6-155e-4c0a-a9e3-6506a5b4fffc', 6),
  ('2023-01-30', 'Legendario.', 'fa49b90d-f100-4b69-8bc6-d7cde9a27204', 23),
  ('2023-11-02', 'Gran actuación.', 'b2b8f4fc-b1f6-4a4e-8baf-11333cd6b5f4', 23),
  ('2024-04-29', 'Nunca me canso de esto.', 'fd46e5c2-c7a9-4196-84d0-5e2ed0c0a56d', 9),
  ('2023-02-28', '¡Qué animación!', '44444444-4444-4444-4444-444444444444', 6),
  ('2024-06-18', 'Me encanta esta parte.', '7db9261f-f6b5-42a6-a5c0-b6234a39ffb5', 27),
  ('2023-09-12', 'Nunca me canso de esto.', '2e0ef9b2-56a0-4bd1-b94f-30e1a01fc879', 13),
  ('2023-10-29', 'Simplemente épico.', '11111111-1111-1111-1111-111111111111', 29),
  ('2023-07-20', 'Simplemente épico.', 'e69316d5-9003-4d3b-8322-30d8b28245ab', 32),
  ('2023-09-21', 'Gran actuación.', 'fd46e5c2-c7a9-4196-84d0-5e2ed0c0a56d', 23),
  ('2024-03-21', 'Me encanta esta parte.', '7db9261f-f6b5-42a6-a5c0-b6234a39ffb5', 25),
  ('2023-01-04', 'Inolvidable escena.', 'fa49b90d-f100-4b69-8bc6-d7cde9a27204', 29),
  ('2024-03-02', '¡Qué animación!', 'b2b8f4fc-b1f6-4a4e-8baf-11333cd6b5f4', 23),
  ('2023-05-22', 'Me encanta esta parte.', '44444444-4444-4444-4444-444444444444', 3),
  ('2024-01-07', 'De lo mejor que he visto.', 'fd46e5c2-c7a9-4196-84d0-5e2ed0c0a56d', 28),
  ('2023-05-09', '¡Otra vez, por favor!', 'fd46e5c2-c7a9-4196-84d0-5e2ed0c0a56d', 29),
  ('2023-02-10', 'No lo puedo creer.', '11111111-1111-1111-1111-111111111111', 21),
  ('2023-11-28', 'Legendario.', '44444444-4444-4444-4444-444444444444', 4),
  ('2024-05-27', 'Muy emocionante.', '11111111-1111-1111-1111-111111111111', 12),
  ('2023-03-14', 'La música fue perfecta.', '67ce3096-3848-4d10-801f-62a41e72c0cb', 5),
  ('2023-05-04', 'Simplemente épico.', '7db9261f-f6b5-42a6-a5c0-b6234a39ffb5', 4),
  ('2023-10-26', 'Me encanta esta parte.', '22222222-2222-2222-2222-222222222222', 32),
  ('2023-03-09', 'Legendario.', 'fd46e5c2-c7a9-4196-84d0-5e2ed0c0a56d', 23),
  ('2024-05-26', 'Nunca me canso de esto.', '22222222-2222-2222-2222-222222222222', 16),
  ('2023-10-18', 'Muy emocionante.', '67ce3096-3848-4d10-801f-62a41e72c0cb', 18),
  ('2024-03-03', 'La música fue perfecta.', 'b300b6b6-155e-4c0a-a9e3-6506a5b4fffc', 29),
  ('2023-12-18', 'Nunca me canso de esto.', '11111111-1111-1111-1111-111111111111', 16),
  ('2024-02-12', 'Legendario.', 'fd46e5c2-c7a9-4196-84d0-5e2ed0c0a56d', 25),
  ('2023-12-19', '¡Otra vez, por favor!', 'b300b6b6-155e-4c0a-a9e3-6506a5b4fffc', 26),
  ('2023-11-20', 'Me encanta esta parte.', 'b300b6b6-155e-4c0a-a9e3-6506a5b4fffc', 19),
  ('2024-04-27', 'Nunca me canso de esto.', 'fd46e5c2-c7a9-4196-84d0-5e2ed0c0a56d', 30),
  ('2023-12-01', 'Legendario.', '2e0ef9b2-56a0-4bd1-b94f-30e1a01fc879', 9),
  ('2023-09-04', 'De lo mejor que he visto.', '7db9261f-f6b5-42a6-a5c0-b6234a39ffb5', 9),
  ('2023-12-30', '¡Qué animación!', 'fa49b90d-f100-4b69-8bc6-d7cde9a27204', 27),
  ('2023-06-24', 'Nunca me canso de esto.', 'b300b6b6-155e-4c0a-a9e3-6506a5b4fffc', 12),
  ('2023-06-17', 'No lo puedo creer.', '7db9261f-f6b5-42a6-a5c0-b6234a39ffb5', 24),
  ('2024-04-09', 'Esto fue increíble.', '67ce3096-3848-4d10-801f-62a41e72c0cb', 7),
  ('2023-12-18', 'Muy emocionante.', '7db9261f-f6b5-42a6-a5c0-b6234a39ffb5', 26),
  ('2023-07-31', 'Gran actuación.', '55555555-5555-5555-5555-555555555555', 6),
  ('2023-05-04', 'Legendario.', '22222222-2222-2222-2222-222222222222', 18),
  ('2023-06-04', 'Inolvidable escena.', '11111111-1111-1111-1111-111111111111', 3),
  ('2024-02-28', '¡Qué gran momento!', 'b2b8f4fc-b1f6-4a4e-8baf-11333cd6b5f4', 16),
  ('2023-08-21', 'Me encanta esta parte.', 'b2b8f4fc-b1f6-4a4e-8baf-11333cd6b5f4', 12),
  ('2023-10-13', '¡Qué animación!', 'fd46e5c2-c7a9-4196-84d0-5e2ed0c0a56d', 26),
  ('2023-12-03', 'Muy emocionante.', '2e0ef9b2-56a0-4bd1-b94f-30e1a01fc879', 16),
  ('2023-01-27', 'Esto fue increíble.', '2e0ef9b2-56a0-4bd1-b94f-30e1a01fc879', 9),
  ('2023-03-03', 'Nunca me canso de esto.', 'b300b6b6-155e-4c0a-a9e3-6506a5b4fffc', 11),
  ('2023-08-08', 'Me encanta esta parte.', 'f4b0fc53-348e-4e3d-9ff7-6e50e0a2480a', 7),
  ('2023-05-02', '¡Otra vez, por favor!', 'fd46e5c2-c7a9-4196-84d0-5e2ed0c0a56d', 31),
  ('2024-02-05', 'Legendario.', '7db9261f-f6b5-42a6-a5c0-b6234a39ffb5', 15),
  ('2023-01-01', 'Esto fue increíble.', 'cfb3f7e5-3620-4bd2-85c1-f7589d137c72', 31),
  ('2024-02-19', 'No lo puedo creer.', 'fd46e5c2-c7a9-4196-84d0-5e2ed0c0a56d', 32),
  ('2023-12-26', 'Inolvidable escena.', '55555555-5555-5555-5555-555555555555', 16),
  ('2024-04-02', 'Simplemente épico.', 'e69316d5-9003-4d3b-8322-30d8b28245ab', 14),
  ('2023-02-25', 'Perfecto de principio a fin.', 'fd46e5c2-c7a9-4196-84d0-5e2ed0c0a56d', 31),
  ('2024-06-03', 'La música fue perfecta.', '33333333-3333-3333-3333-333333333333', 9),
  ('2023-11-03', '¡Qué gran momento!', '22222222-2222-2222-2222-222222222222', 20),
  ('2023-08-03', 'La música fue perfecta.', '44444444-4444-4444-4444-444444444444', 5),
  ('2023-12-07', 'De lo mejor que he visto.', '44444444-4444-4444-4444-444444444444', 12),
  ('2024-03-06', 'Perfecto de principio a fin.', '22222222-2222-2222-2222-222222222222', 15),
  ('2024-02-14', 'Perfecto de principio a fin.', '2e0ef9b2-56a0-4bd1-b94f-30e1a01fc879', 19),
  ('2023-05-17', 'Inolvidable escena.', '2e0ef9b2-56a0-4bd1-b94f-30e1a01fc879', 25),
  ('2023-03-24', 'Me encanta esta parte.', '67ce3096-3848-4d10-801f-62a41e72c0cb', 23),
  ('2024-01-13', 'Muy emocionante.', 'cfb3f7e5-3620-4bd2-85c1-f7589d137c72', 18),
  ('2024-02-27', '¡Qué gran momento!', '55555555-5555-5555-5555-555555555555', 18),
  ('2023-01-19', 'Me encanta esta parte.', '2e0ef9b2-56a0-4bd1-b94f-30e1a01fc879', 15),
  ('2024-04-10', 'Simplemente épico.', 'f4b0fc53-348e-4e3d-9ff7-6e50e0a2480a', 24),
  ('2023-02-19', 'No lo puedo creer.', '33333333-3333-3333-3333-333333333333', 8);

INSERT INTO me_gusta (fecha, usuario_id, clip_id)
VALUES
  ('2023-01-16', '22222222-2222-2222-2222-222222222222', 1),
  ('2023-02-21', '33333333-3333-3333-3333-333333333333', 2),
  ('2023-03-11', '11111111-1111-1111-1111-111111111111', 3),
  ('2023-04-14', '55555555-5555-5555-5555-555555555555', 4),
  ('2024-01-02', '67ce3096-3848-4d10-801f-62a41e72c0cb', 1),
  ('2024-01-03', 'e69316d5-9003-4d3b-8322-30d8b28245ab', 2),
  ('2024-01-04', 'fd46e5c2-c7a9-4196-84d0-5e2ed0c0a56d', 3),
  ('2024-01-05', 'fa49b90d-f100-4b69-8bc6-d7cde9a27204', 4),
  ('2024-01-06', 'b2b8f4fc-b1f6-4a4e-8baf-11333cd6b5f4', 5),
  ('2024-01-07', 'cfb3f7e5-3620-4bd2-85c1-f7589d137c72', 6),
  ('2024-01-08', 'b300b6b6-155e-4c0a-a9e3-6506a5b4fffc', 7),
  ('2024-01-09', 'f4b0fc53-348e-4e3d-9ff7-6e50e0a2480a', 8),
  ('2024-01-10', '2e0ef9b2-56a0-4bd1-b94f-30e1a01fc879', 9),
  ('2024-01-11', '7db9261f-f6b5-42a6-a5c0-b6234a39ffb5', 10),
  ('2024-02-01', '11111111-1111-1111-1111-111111111111', 5),
  ('2024-02-02', '22222222-2222-2222-2222-222222222222', 9),
  ('2024-02-03', '33333333-3333-3333-3333-333333333333', 12),
  ('2024-02-04', '44444444-4444-4444-4444-444444444444', 3),
  ('2024-02-05', '55555555-5555-5555-5555-555555555555', 1),
  ('2024-02-06', '7db9261f-f6b5-42a6-a5c0-b6234a39ffb5', 6),
  ('2024-02-07', '67ce3096-3848-4d10-801f-62a41e72c0cb', 13),
  ('2024-02-08', 'e69316d5-9003-4d3b-8322-30d8b28245ab', 15),
  ('2024-02-09', 'fd46e5c2-c7a9-4196-84d0-5e2ed0c0a56d', 18),
  ('2024-02-10', 'fa49b90d-f100-4b69-8bc6-d7cde9a27204', 2),
  ('2024-04-10', 'b2b8f4fc-b1f6-4a4e-8baf-11333cd6b5f4', 7),
  ('2024-04-11', 'cfb3f7e5-3620-4bd2-85c1-f7589d137c72', 22),
  ('2024-04-12', 'b300b6b6-155e-4c0a-a9e3-6506a5b4fffc', 19),
  ('2024-04-13', 'f4b0fc53-348e-4e3d-9ff7-6e50e0a2480a', 28),
  ('2024-04-14', '2e0ef9b2-56a0-4bd1-b94f-30e1a01fc879', 31),
  ('2024-04-15', '11111111-1111-1111-1111-111111111111', 11),
  ('2024-04-16', '22222222-2222-2222-2222-222222222222', 14),
  ('2024-04-17', '33333333-3333-3333-3333-333333333333', 16),
  ('2024-04-18', '44444444-4444-4444-4444-444444444444', 8),
  ('2024-04-19', '55555555-5555-5555-5555-555555555555', 21),
  ('2023-01-05', '22222222-2222-2222-2222-222222222222', 12),
  ('2023-01-11', '33333333-3333-3333-3333-333333333333', 4),
  ('2023-01-18', '11111111-1111-1111-1111-111111111111', 27),
  ('2023-01-20', '55555555-5555-5555-5555-555555555555', 8),
  ('2023-01-25', '67ce3096-3848-4d10-801f-62a41e72c0cb', 15),
  ('2023-01-26', 'e69316d5-9003-4d3b-8322-30d8b28245ab', 2),
  ('2023-02-02', 'fd46e5c2-c7a9-4196-84d0-5e2ed0c0a56d', 30),
  ('2023-02-05', 'fa49b90d-f100-4b69-8bc6-d7cde9a27204', 6),
  ('2023-02-10', 'b2b8f4fc-b1f6-4a4e-8baf-11333cd6b5f4', 11),
  ('2023-02-11', 'cfb3f7e5-3620-4bd2-85c1-f7589d137c72', 1),
  ('2023-02-14', 'b300b6b6-155e-4c0a-a9e3-6506a5b4fffc', 32),
  ('2023-02-19', 'f4b0fc53-348e-4e3d-9ff7-6e50e0a2480a', 7),
  ('2023-02-23', '2e0ef9b2-56a0-4bd1-b94f-30e1a01fc879', 23),
  ('2023-03-01', '7db9261f-f6b5-42a6-a5c0-b6234a39ffb5', 13),
  ('2023-03-07', '22222222-2222-2222-2222-222222222222', 5),
  ('2023-03-10', '33333333-3333-3333-3333-333333333333', 21),
  ('2023-03-15', '11111111-1111-1111-1111-111111111111', 19),
  ('2023-03-20', '55555555-5555-5555-5555-555555555555', 26),
  ('2023-03-22', '67ce3096-3848-4d10-801f-62a41e72c0cb', 10),
  ('2023-03-28', 'e69316d5-9003-4d3b-8322-30d8b28245ab', 17),
  ('2023-04-01', 'fd46e5c2-c7a9-4196-84d0-5e2ed0c0a56d', 20),
  ('2023-04-04', 'fa49b90d-f100-4b69-8bc6-d7cde9a27204', 3),
  ('2023-04-08', 'b2b8f4fc-b1f6-4a4e-8baf-11333cd6b5f4', 14),
  ('2023-04-10', 'cfb3f7e5-3620-4bd2-85c1-f7589d137c72', 25),
  ('2023-04-15', 'b300b6b6-155e-4c0a-a9e3-6506a5b4fffc', 9),
  ('2023-04-19', 'f4b0fc53-348e-4e3d-9ff7-6e50e0a2480a', 18),
  ('2023-04-21', '2e0ef9b2-56a0-4bd1-b94f-30e1a01fc879', 22),
  ('2023-04-27', '7db9261f-f6b5-42a6-a5c0-b6234a39ffb5', 29),
  ('2023-05-02', '22222222-2222-2222-2222-222222222222', 16),
  ('2023-05-07', '33333333-3333-3333-3333-333333333333', 28),
  ('2023-05-12', '11111111-1111-1111-1111-111111111111', 24),
  ('2023-05-18', '55555555-5555-5555-5555-555555555555', 31),
  ('2023-05-23', '67ce3096-3848-4d10-801f-62a41e72c0cb', 27),
  ('2023-05-28', 'e69316d5-9003-4d3b-8322-30d8b28245ab', 12),
  ('2023-06-01', 'fd46e5c2-c7a9-4196-84d0-5e2ed0c0a56d', 7),
  ('2023-06-07', 'fa49b90d-f100-4b69-8bc6-d7cde9a27204', 30),
  ('2023-06-12', 'b2b8f4fc-b1f6-4a4e-8baf-11333cd6b5f4', 5),
  ('2023-06-15', 'cfb3f7e5-3620-4bd2-85c1-f7589d137c72', 14),
  ('2023-06-20', 'b300b6b6-155e-4c0a-a9e3-6506a5b4fffc', 3),
  ('2023-06-25', 'f4b0fc53-348e-4e3d-9ff7-6e50e0a2480a', 20),
  ('2023-06-29', '2e0ef9b2-56a0-4bd1-b94f-30e1a01fc879', 19),
  ('2023-07-04', '7db9261f-f6b5-42a6-a5c0-b6234a39ffb5', 6),
  ('2023-07-08', '22222222-2222-2222-2222-222222222222', 1),
  ('2023-07-14', '33333333-3333-3333-3333-333333333333', 11),
  ('2023-07-19', '11111111-1111-1111-1111-111111111111', 17),
  ('2023-07-23', '55555555-5555-5555-5555-555555555555', 8),
  ('2023-07-28', '67ce3096-3848-4d10-801f-62a41e72c0cb', 26),
  ('2023-08-02', 'e69316d5-9003-4d3b-8322-30d8b28245ab', 21),
  ('2023-08-07', 'fd46e5c2-c7a9-4196-84d0-5e2ed0c0a56d', 10),
  ('2023-08-12', 'fa49b90d-f100-4b69-8bc6-d7cde9a27204', 24),
  ('2023-08-18', 'b2b8f4fc-b1f6-4a4e-8baf-11333cd6b5f4', 28),
  ('2023-08-22', 'cfb3f7e5-3620-4bd2-85c1-f7589d137c72', 2),
  ('2023-08-27', 'b300b6b6-155e-4c0a-a9e3-6506a5b4fffc', 9),
  ('2023-09-01', 'f4b0fc53-348e-4e3d-9ff7-6e50e0a2480a', 15),
  ('2023-09-05', '2e0ef9b2-56a0-4bd1-b94f-30e1a01fc879', 13),
  ('2023-09-10', '7db9261f-f6b5-42a6-a5c0-b6234a39ffb5', 31),
  ('2023-09-15', '22222222-2222-2222-2222-222222222222', 20),
  ('2023-09-20', '33333333-3333-3333-3333-333333333333', 18),
  ('2023-09-25', '11111111-1111-1111-1111-111111111111', 22),
  ('2023-09-30', '55555555-5555-5555-5555-555555555555', 4),
  ('2023-10-05', '67ce3096-3848-4d10-801f-62a41e72c0cb', 7),
  ('2023-10-10', 'e69316d5-9003-4d3b-8322-30d8b28245ab', 6),
  ('2023-10-15', 'fd46e5c2-c7a9-4196-84d0-5e2ed0c0a56d', 16),
  ('2023-10-20', 'fa49b90d-f100-4b69-8bc6-d7cde9a27204', 23),
  ('2023-10-25', 'b2b8f4fc-b1f6-4a4e-8baf-11333cd6b5f4', 25),
  ('2023-10-30', 'cfb3f7e5-3620-4bd2-85c1-f7589d137c72', 27),
  ('2023-11-04', 'b300b6b6-155e-4c0a-a9e3-6506a5b4fffc', 30),
  ('2023-11-09', 'f4b0fc53-348e-4e3d-9ff7-6e50e0a2480a', 1),
  ('2023-11-14', '2e0ef9b2-56a0-4bd1-b94f-30e1a01fc879', 3),
  ('2023-11-19', '7db9261f-f6b5-42a6-a5c0-b6234a39ffb5', 5),
  ('2023-11-24', '22222222-2222-2222-2222-222222222222', 9),
  ('2023-11-29', '33333333-3333-3333-3333-333333333333', 14),
  ('2023-12-04', '11111111-1111-1111-1111-111111111111', 19),
  ('2023-12-09', '55555555-5555-5555-5555-555555555555', 2),
  ('2023-12-14', '67ce3096-3848-4d10-801f-62a41e72c0cb', 21),
  ('2023-12-19', 'e69316d5-9003-4d3b-8322-30d8b28245ab', 13),
  ('2023-12-24', 'fd46e5c2-c7a9-4196-84d0-5e2ed0c0a56d', 12),
  ('2023-12-29', 'fa49b90d-f100-4b69-8bc6-d7cde9a27204', 4),
  ('2024-01-03', 'b2b8f4fc-b1f6-4a4e-8baf-11333cd6b5f4', 11),
  ('2024-01-08', 'cfb3f7e5-3620-4bd2-85c1-f7589d137c72', 29),
  ('2024-01-13', 'b300b6b6-155e-4c0a-a9e3-6506a5b4fffc', 17);

INSERT INTO valoracion (puntuacion, fecha, usuario_id, clip_id)
VALUES
  (4.5, '2023-01-16', '22222222-2222-2222-2222-222222222222', 1),
  (3.0, '2023-02-21', '33333333-3333-3333-3333-333333333333', 2),
  (3.5, '2023-03-11', '11111111-1111-1111-1111-111111111111', 3),
  (5.0, '2023-04-13', '55555555-5555-5555-5555-555555555555', 4),
  (2.0, '2024-01-02', '67ce3096-3848-4d10-801f-62a41e72c0cb', 1),
  (1.5, '2024-01-03', 'e69316d5-9003-4d3b-8322-30d8b28245ab', 2),
  (2.0, '2024-01-04', 'fd46e5c2-c7a9-4196-84d0-5e2ed0c0a56d', 3),
  (3.5, '2024-01-05', 'fa49b90d-f100-4b69-8bc6-d7cde9a27204', 4),
  (4.5, '2024-01-06', 'b2b8f4fc-b1f6-4a4e-8baf-11333cd6b5f4', 5),
  (5.0, '2024-01-07', 'cfb3f7e5-3620-4bd2-85c1-f7589d137c72', 6),
  (1.0, '2024-01-08', 'b300b6b6-155e-4c0a-a9e3-6506a5b4fffc', 7),
  (2.5, '2024-01-09', 'f4b0fc53-348e-4e3d-9ff7-6e50e0a2480a', 8),
  (3.5, '2024-01-10', '2e0ef9b2-56a0-4bd1-b94f-30e1a01fc879', 9),
  (4.0, '2024-01-11', '7db9261f-f6b5-42a6-a5c0-b6234a39ffb5', 10),
  (4.5, '2023-01-01', '22222222-2222-2222-2222-222222222222', 1),
  (3.0, '2023-01-02', '22222222-2222-2222-2222-222222222222', 2),
  (3.5, '2023-01-03', '22222222-2222-2222-2222-222222222222', 3),
  (5.0, '2023-01-04', '22222222-2222-2222-2222-222222222222', 4),
  (2.0, '2023-01-05', '22222222-2222-2222-2222-222222222222', 5),
  (1.5, '2023-01-06', '22222222-2222-2222-2222-222222222222', 6),
  (2.0, '2023-01-07', '22222222-2222-2222-2222-222222222222', 7),
  (3.5, '2023-01-08', '22222222-2222-2222-2222-222222222222', 8),
  (4.5, '2023-01-09', '22222222-2222-2222-2222-222222222222', 9),
  (5.0, '2023-01-10', '22222222-2222-2222-2222-222222222222', 10),
  (1.0, '2023-01-11', '22222222-2222-2222-2222-222222222222', 11),
  (2.5, '2023-01-12', '22222222-2222-2222-2222-222222222222', 12),
  (3.5, '2023-01-13', '22222222-2222-2222-2222-222222222222', 13),
  (4.0, '2023-01-14', '22222222-2222-2222-2222-222222222222', 14),
  (4.5, '2023-01-15', '22222222-2222-2222-2222-222222222222', 15),
  (3.0, '2023-01-16', '22222222-2222-2222-2222-222222222222', 16),
  (2.0, '2023-01-17', '22222222-2222-2222-2222-222222222222', 17),
  (1.5, '2023-01-18', '22222222-2222-2222-2222-222222222222', 18),
  (2.5, '2023-01-19', '22222222-2222-2222-2222-222222222222', 19),
  (3.0, '2023-01-20', '22222222-2222-2222-2222-222222222222', 20),
  (3.5, '2023-01-21', '22222222-2222-2222-2222-222222222222', 21),
  (5.0, '2023-01-22', '22222222-2222-2222-2222-222222222222', 22),
  (4.0, '2023-01-23', '22222222-2222-2222-2222-222222222222', 23),
  (4.5, '2023-01-24', '22222222-2222-2222-2222-222222222222', 24),
  (3.0, '2023-01-25', '22222222-2222-2222-2222-222222222222', 25),
  (2.0, '2023-01-26', '22222222-2222-2222-2222-222222222222', 26),
  (1.5, '2023-01-27', '22222222-2222-2222-2222-222222222222', 27),
  (3.5, '2023-01-28', '22222222-2222-2222-2222-222222222222', 28),
  (4.0, '2023-01-29', '22222222-2222-2222-2222-222222222222', 29),
  (4.5, '2023-01-30', '22222222-2222-2222-2222-222222222222', 30),
  (3.0, '2023-01-31', '22222222-2222-2222-2222-222222222222', 31),
  (2.0, '2023-02-01', '22222222-2222-2222-2222-222222222222', 32),
  (3.0, '2023-03-01', '33333333-3333-3333-3333-333333333333', 1),
  (4.5, '2023-03-02', '33333333-3333-3333-3333-333333333333', 2),
  (2.5, '2023-03-03', '33333333-3333-3333-3333-333333333333', 3),
  (5.0, '2023-03-04', '33333333-3333-3333-3333-333333333333', 4),
  (3.5, '2023-03-05', '33333333-3333-3333-3333-333333333333', 5),
  (1.0, '2023-03-06', '33333333-3333-3333-3333-333333333333', 6),
  (2.0, '2023-03-07', '33333333-3333-3333-3333-333333333333', 7),
  (3.5, '2023-03-08', '33333333-3333-3333-3333-333333333333', 8),
  (4.0, '2023-03-09', '33333333-3333-3333-3333-333333333333', 9),
  (4.5, '2023-03-10', '33333333-3333-3333-3333-333333333333', 10),
  (3.0, '2023-03-11', '33333333-3333-3333-3333-333333333333', 11),
  (2.5, '2023-03-12', '33333333-3333-3333-3333-333333333333', 12),
  (1.5, '2023-03-13', '33333333-3333-3333-3333-333333333333', 13),
  (2.0, '2023-03-14', '33333333-3333-3333-3333-333333333333', 14),
  (3.5, '2023-03-15', '33333333-3333-3333-3333-333333333333', 15),
  (4.0, '2023-03-16', '33333333-3333-3333-3333-333333333333', 16),
  (5.0, '2023-03-17', '33333333-3333-3333-3333-333333333333', 17),
  (4.5, '2023-03-18', '33333333-3333-3333-3333-333333333333', 18),
  (3.0, '2023-03-19', '33333333-3333-3333-3333-333333333333', 19),
  (2.0, '2023-03-20', '33333333-3333-3333-3333-333333333333', 20),
  (1.5, '2023-03-21', '33333333-3333-3333-3333-333333333333', 21),
  (2.5, '2023-03-22', '33333333-3333-3333-3333-333333333333', 22),
  (3.5, '2023-03-23', '33333333-3333-3333-3333-333333333333', 23),
  (4.0, '2023-03-24', '33333333-3333-3333-3333-333333333333', 24),
  (4.5, '2023-03-25', '33333333-3333-3333-3333-333333333333', 25),
  (3.0, '2023-03-26', '33333333-3333-3333-3333-333333333333', 26),
  (2.0, '2023-03-27', '33333333-3333-3333-3333-333333333333', 27),
  (1.5, '2023-03-28', '33333333-3333-3333-3333-333333333333', 28),
  (3.5, '2023-03-29', '33333333-3333-3333-3333-333333333333', 29),
  (4.0, '2023-03-30', '33333333-3333-3333-3333-333333333333', 30);

INSERT INTO seguidores (usuario_id, seguido_id)
VALUES
  ('11111111-1111-1111-1111-111111111111', '22222222-2222-2222-2222-222222222222'),
  ('22222222-2222-2222-2222-222222222222', '33333333-3333-3333-3333-333333333333'),
  ('33333333-3333-3333-3333-333333333333', '11111111-1111-1111-1111-111111111111'),
  ('44444444-4444-4444-4444-444444444444', '55555555-5555-5555-5555-555555555555'),
  ('7db9261f-f6b5-42a6-a5c0-b6234a39ffb5', '67ce3096-3848-4d10-801f-62a41e72c0cb'),
  ('67ce3096-3848-4d10-801f-62a41e72c0cb', 'e69316d5-9003-4d3b-8322-30d8b28245ab'),
  ('e69316d5-9003-4d3b-8322-30d8b28245ab', 'fd46e5c2-c7a9-4196-84d0-5e2ed0c0a56d'),
  ('fd46e5c2-c7a9-4196-84d0-5e2ed0c0a56d', 'fa49b90d-f100-4b69-8bc6-d7cde9a27204'),
  ('fa49b90d-f100-4b69-8bc6-d7cde9a27204', 'b2b8f4fc-b1f6-4a4e-8baf-11333cd6b5f4'),
  ('b2b8f4fc-b1f6-4a4e-8baf-11333cd6b5f4', 'cfb3f7e5-3620-4bd2-85c1-f7589d137c72'),
  ('cfb3f7e5-3620-4bd2-85c1-f7589d137c72', 'b300b6b6-155e-4c0a-a9e3-6506a5b4fffc'),
  ('b300b6b6-155e-4c0a-a9e3-6506a5b4fffc', 'f4b0fc53-348e-4e3d-9ff7-6e50e0a2480a'),
  ('f4b0fc53-348e-4e3d-9ff7-6e50e0a2480a', '2e0ef9b2-56a0-4bd1-b94f-30e1a01fc879'),
  ('2e0ef9b2-56a0-4bd1-b94f-30e1a01fc879', '7db9261f-f6b5-42a6-a5c0-b6234a39ffb5');
